1, Alice Smith, 123 Main Street, alice@email.com,01-04-7928
2, John Johnson, 456 Elm Street, john@email.com,20-10-8948
3, Emily Brown, 789 Oak Street, emily@email.com,11-05-9069
4, Michael Davis, 321 Maple Street, michael@email.com,30-11-0189
5, Sarah Wilson, 567 Birch Street, sarah@email.com,20-08-1309
6, David Martinez, 890 Cedar Street, david@email.com,08-11-2421
7, Jennifer Taylor, 234 Pine Street, jennifer@email.com,28-01-3459
8, Christopher Anderson, 678 Walnut Street, chris@email.com,07-08-4579
9, Jessica Thomas, 901 Sycamore Street, jessica@email.com,18-11-5699
10, Matthew Garcia, 345 Cedar Street, matthew@email.com,12-09-6817
